date,RefSt,Sensor_O3,Temp,RelHum,Sensor_NO2,Sensor_NO,Sensor_SO2
2017-08-06T00:00,30.0,1276607,17.0,67.0,2.0,1.0,1.0
2017-08-06T02:00,31.0,1068517,17.13,66.17,6.0,1.0,1.0
2017-08-06T03:00,25.0,1012080,17.0,67.0,4.0,1.0,1.0
2017-08-06T04:00,31.0,732690,17.0,66.8,13.0,1.0,1.0
2017-08-06T05:00,32.0,1361603,18.0,65.6,8.0,1.0,1.0
2017-08-06T06:00,34.0,1006837,18.53,61.63,8.0,1.0,1.0
2017-08-06T07:00,46.0,1378947,23.83,45.23,7.0,1.0,1.0
2017-08-06T08:00,53.0,1774350,29.53,32.6,7.0,1.0,1.0
2017-08-06T09:00,83.0,2855873,28.37,31.97,8.0,2.0,1.0
2017-08-06T10:00,94.0,4410773,28.23,32.33,7.0,3.0,1.0
2017-08-06T11:00,103.0,4322733,29.57,31.0,4.0,1.0,1.0
2017-08-06T12:00,115.0,4484243,32.43,29.57,2.0,1.0,1.0
2017-08-06T13:00,110.0,4397690,34.43,27.53,2.0,1.0,1.0
2017-08-06T14:00,120.0,4482290,33.2,28.4,1.0,1.0,1.0
2017-08-06T15:00,148.0,4865007,33.0,28.6,2.0,1.0,1.0
2017-08-06T16:00,137.0,5037313,31.23,30.63,3.0,2.0,1.0
2017-08-06T17:00,117.0,4424317,29.6,33.0,3.0,1.0,1.0
2017-08-06T18:00,103.0,4244787,26.27,39.0,3.0,1.0,1.0
2017-08-06T19:00,84.0,4160383,23.47,45.13,4.0,1.0,1.0
2017-08-06T20:00,74.0,3428187,21.0,52.0,9.0,5.0,1.0
2017-08-06T21:00,62.0,3238603,19.4,60.8,7.0,2.0,1.0
2017-08-06T22:00,45.0,2902443,18.1,65.8,5.0,1.0,1.0
2017-08-06T23:00,43.0,2097980,18.0,67.53,9.0,1.0,1.0
2017-06-17T00:00,33.0,525780,21.67,47.23,43.0,2.0,4.0
2017-06-17T02:00,22.0,411590,20.23,50.5,28.0,2.0,1.0
2017-06-17T03:00,23.0,417107,19.0,65.43,25.0,2.0,1.0
2017-06-17T04:00,19.0,360943,18.8,67.47,23.0,3.0,1.0
2017-06-17T05:00,16.0,383047,18.1,66.9,24.0,2.0,1.0
2017-06-17T06:00,31.0,369443,26.17,46.63,22.0,3.0,1.0
2017-06-17T07:00,54.0,486683,31.57,32.2,22.0,5.0,2.0
2017-06-17T08:00,87.0,1394987,33.73,29.57,21.0,4.0,3.0
2017-06-17T09:00,125.0,2890040,35.63,27.6,20.0,4.0,3.0
2017-06-17T10:00,128.0,4095893,33.93,28.73,15.0,3.0,3.0
2017-06-17T11:00,116.0,4530220,36.17,26.8,8.0,3.0,4.0
2017-06-17T12:00,117.0,3427383,37.0,26.07,6.0,3.0,4.0
2017-06-17T13:00,113.0,2946833,38.0,25.97,9.0,3.0,3.0
2017-06-17T14:00,122.0,3108937,37.83,25.87,7.0,2.0,3.0
2017-06-17T15:00,116.0,3633953,37.13,26.0,8.0,2.0,3.0
2017-06-17T16:00,115.0,3733013,36.1,26.9,8.0,12.0,2.0
2017-06-17T17:00,117.0,3871583,35.2,27.2,8.0,13.0,2.0
2017-06-17T18:00,117.0,3874303,33.33,28.0,9.0,3.0,2.0
2017-06-17T19:00,106.0,4306243,30.33,29.63,11.0,2.0,2.0
2017-06-17T20:00,98.0,3025843,26.33,33.83,10.0,2.0,1.0
2017-06-17T21:00,64.0,2767047,24.13,42.43,21.0,2.0,3.0
2017-06-17T22:00,65.0,1425203,23.03,43.4,17.0,3.0,4.0
2017-06-17T23:00,51.0,922083,21.5,42.07,24.0,2.0,3.0
2017-06-18T00:00,56.0,1132867,20.67,41.17,20.0,3.0,1.0
2017-06-18T02:00,38.0,596270,18.07,50.47,15.0,3.0,1.0
2017-06-18T03:00,29.0,893547,18.0,52.4,21.0,2.0,1.0
2017-06-18T04:00,24.0,527893,17.0,58.53,15.0,3.0,1.0
2017-06-18T05:00,37.0,567317,17.07,60.27,17.0,3.0,1.0
2017-06-18T06:00,36.0,511663,26.03,36.07,18.0,2.0,1.0
2017-06-18T07:00,61.0,908660,29.9,30.73,14.0,2.0,1.0
2017-06-18T08:00,85.0,1803640,32.1,29.1,14.0,3.0,2.0
2017-06-18T09:00,118.0,3563214,34.59,27.41,13.0,3.0,2.0
2017-06-18T10:00,119.0,3719973,31.43,29.0,10.0,3.0,3.0
2017-06-18T11:00,121.0,4022760,33.7,28.0,7.0,3.0,3.0
2017-06-18T12:00,119.0,3943073,35.43,27.03,8.0,3.0,4.0
2017-06-18T13:00,122.0,4001673,37.43,26.0,7.0,2.0,3.0
2017-06-18T14:00,124.0,4227550,37.2,26.0,5.0,2.0,4.0
2017-06-18T15:00,171.0,4682780,37.83,26.0,7.0,2.0,3.0
2017-06-18T16:00,179.0,5017760,36.2,26.77,7.0,2.0,3.0
2017-06-18T17:00,157.0,4473393,35.0,27.0,12.0,2.0,4.0
2017-06-18T18:00,133.0,3946010,32.77,28.33,10.0,3.0,4.0
2017-06-18T19:00,119.0,4284947,29.63,30.0,11.0,3.0,4.0
2017-06-18T20:00,105.0,4627137,26.77,31.3,13.0,2.0,3.0
2017-06-18T21:00,82.0,3601110,25.43,32.0,12.0,2.0,2.0
2017-06-18T22:00,69.0,2302793,24.0,33.43,17.0,2.0,2.0
2017-06-18T23:00,60.0,1766713,22.1,35.63,20.0,2.0,2.0
2017-06-19T00:00,56.0,1590610,21.0,39.57,18.0,2.0,2.0
2017-06-19T02:00,49.0,1149100,18.3,47.17,17.0,4.0,1.0
2017-06-19T03:00,32.0,1160700,17.9,50.43,16.0,3.0,1.0
2017-06-19T04:00,30.0,677193,17.0,56.13,18.0,3.0,1.0
2017-06-19T05:00,26.0,625733,17.0,54.63,24.0,3.0,1.0
2017-06-19T06:00,35.0,602473,26.77,34.4,29.0,4.0,1.0
2017-06-19T07:00,51.0,616873,29.03,31.13,27.0,4.0,1.0
2017-06-19T08:00,98.0,1616070,32.63,28.8,29.0,7.0,3.0
2017-06-19T09:00,121.0,3599770,34.23,27.57,25.0,5.0,4.0
2017-06-19T10:00,129.0,4555033,32.2,28.7,11.0,3.0,2.0
2017-06-19T11:00,113.0,4706410,34.17,27.83,13.0,3.0,3.0
2017-06-19T12:00,135.0,4717173,34.97,27.03,11.0,3.0,2.0
2017-06-19T13:00,124.0,4580770,34.87,27.17,12.0,3.0,1.0
2017-06-19T14:00,124.0,4378463,34.1,27.9,10.0,3.0,1.0
2017-06-19T15:00,122.0,4158757,33.83,28.03,10.0,2.0,1.0
2017-06-19T16:00,122.0,4352687,33.0,28.0,9.0,2.0,1.0
2017-06-19T17:00,116.0,3799114,32.0,29.0,11.0,3.0,1.0
2017-06-19T18:00,111.0,3747123,30.1,29.9,14.0,2.0,1.0
2017-06-19T19:00,109.0,3790513,27.63,32.27,13.0,2.0,1.0
2017-06-19T20:00,95.0,3514677,25.43,37.03,15.0,2.0,1.0
2017-06-19T21:00,79.0,2913500,24.0,43.37,17.0,2.0,2.0
2017-06-19T22:00,63.0,2068927,24.0,45.97,19.0,3.0,2.0
2017-06-19T23:00,45.0,1705980,22.77,50.8,24.0,3.0,2.0
2017-06-20T00:00,37.0,604663,21.57,50.07,23.0,2.0,2.0
2017-06-20T02:00,30.0,501593,19.87,65.4,21.0,3.0,1.0
2017-06-20T03:00,17.0,448147,18.93,66.5,22.0,3.0,1.0
2017-06-20T04:00,11.0,392660,18.0,69.3,21.0,2.0,1.0
2017-06-20T05:00,9.0,349347,18.0,66.37,24.0,3.0,1.0
2017-06-20T06:00,22.0,322777,26.03,45.43,32.0,4.0,1.0
2017-06-20T07:00,43.0,509223,29.47,33.93,36.0,14.0,2.0
2017-06-20T08:00,92.0,1650303,33.03,29.72,31.0,10.0,3.0
2017-06-20T09:00,106.0,3433143,34.5,27.53,24.0,5.0,3.0
2017-06-20T10:00,120.0,3937120,31.87,30.0,10.0,3.0,4.0
2017-06-20T11:00,112.0,3668170,34.1,28.07,13.0,3.0,2.0
2017-06-20T12:00,120.0,3272330,35.93,26.83,9.0,3.0,2.0
2017-06-20T13:00,132.0,3707080,36.37,26.5,9.0,3.0,2.0
2017-06-20T14:00,144.0,3799953,36.0,26.77,8.0,2.0,3.0
2017-06-20T15:00,149.0,4384383,36.23,26.77,9.0,3.0,3.0
2017-06-20T16:00,139.0,4571383,35.0,27.0,14.0,3.0,3.0
2017-06-20T17:00,126.0,4877437,32.0,28.67,14.0,3.0,2.0
2017-06-20T18:00,105.0,3810517,28.53,30.47,14.0,4.0,1.0
2017-06-20T19:00,97.0,3932880,25.7,33.73,19.0,3.0,1.0
2017-06-20T20:00,79.0,3129330,24.0,39.17,14.0,3.0,2.0
2017-06-20T21:00,63.0,1981887,23.0,45.87,14.0,3.0,2.0
2017-06-20T22:00,51.0,1698083,22.0,49.33,13.0,2.0,2.0
2017-06-20T23:00,49.0,1604163,21.0,48.57,10.0,3.0,2.0
2017-06-21T00:00,42.0,1329747,20.73,52.53,10.0,3.0,2.0
2017-06-21T02:00,40.0,744060,19.0,58.3,15.0,2.0,1.0
2017-06-21T03:00,22.0,1099083,18.33,60.73,16.0,2.0,1.0
2017-06-21T04:00,25.0,414587,18.0,62.0,13.0,2.0,1.0
2017-06-21T05:00,15.0,683540,18.07,61.47,20.0,3.0,1.0
2017-06-21T06:00,19.0,348593,25.5,42.43,23.0,3.0,1.0
2017-06-21T07:00,34.0,436993,29.41,32.07,26.0,6.0,1.0
2017-06-21T08:00,67.0,813140,31.13,30.27,25.0,10.0,3.0
2017-06-21T09:00,100.0,2987056,33.0,28.11,27.0,7.0,3.0
2017-06-21T10:00,124.0,3513267,33.43,28.13,16.0,5.0,3.0
2017-06-21T11:00,121.0,3302337,35.83,26.97,10.0,3.0,4.0
2017-06-21T12:00,115.0,3050220,38.87,25.27,8.0,3.0,4.0
2017-06-21T13:00,86.0,4076373,20.57,56.83,8.0,3.0,4.0
2017-06-21T14:00,56.0,2596717,20.0,68.0,9.0,3.0,2.0
2017-06-21T15:00,48.0,1354530,21.47,64.33,22.0,7.0,1.0
2017-06-21T16:00,51.0,905667,24.0,59.47,25.0,3.0,1.0
2017-06-21T17:00,60.0,1297387,24.2,55.1,25.0,11.0,2.0
2017-06-21T18:00,60.0,1400640,24.0,54.67,22.0,4.0,3.0
2017-06-21T19:00,44.0,951857,23.27,57.1,25.0,3.0,2.0
2017-06-21T20:00,20.0,928713,21.07,65.33,31.0,3.0,2.0
2017-06-21T21:00,6.0,302670,21.0,67.33,32.0,2.0,1.0
2017-06-21T22:00,3.0,279086,20.0,75.72,40.0,4.0,1.0
2017-06-21T23:00,2.0,256373,20.0,79.17,25.0,3.0,1.0
2017-06-22T00:00,4.0,272787,18.87,78.37,21.0,4.0,1.0
2017-06-22T02:00,1.0,241397,18.0,77.7,22.0,2.0,1.0
2017-06-22T03:00,1.0,246473,18.0,76.97,19.0,10.0,1.0
2017-06-22T04:00,1.0,242290,18.0,77.43,20.0,7.0,1.0
2017-06-22T05:00,1.0,246133,18.2,76.8,19.0,12.0,1.0
2017-06-22T06:00,6.0,238043,19.47,77.5,24.0,8.0,1.0
2017-06-22T08:00,32.0,323463,29.17,45.93,22.0,14.0,1.0
2017-06-22T09:00,67.0,621357,32.6,38.13,25.0,21.0,2.0
2017-06-22T10:00,103.0,1869970,31.77,39.6,22.0,9.0,2.0
2017-06-22T11:00,117.0,3032340,35.93,30.73,17.0,5.0,2.0
2017-06-22T12:00,133.0,3429050,37.97,26.87,15.0,3.0,3.0
2017-06-22T13:00,176.0,4383617,39.03,25.83,10.0,3.0,3.0
2017-06-22T14:00,203.0,6368563,35.9,27.07,12.0,4.0,3.0
2017-06-22T15:00,132.0,5443303,28.4,35.03,15.0,3.0,2.0
2017-06-22T16:00,97.0,3570648,26.0,44.93,18.0,3.0,2.0
2017-06-22T17:00,72.0,2048983,25.6,47.8,24.0,3.0,2.0
2017-06-22T18:00,52.0,1702757,25.57,51.03,36.0,3.0,2.0
2017-06-22T19:00,30.0,632213,24.83,54.57,33.0,3.0,1.0
2017-06-22T20:00,23.0,413290,24.0,63.97,37.0,3.0,2.0
2017-06-22T21:00,9.0,326460,23.03,66.3,30.0,2.0,1.0
2017-06-22T22:00,15.0,283960,22.0,69.27,27.0,3.0,1.0
2017-06-22T23:00,12.0,279373,21.53,68.57,31.0,3.0,1.0
2017-06-23T00:00,14.0,303957,21.0,70.0,27.0,3.0,1.0
2017-06-23T02:00,1.0,248617,19.37,74.77,26.0,4.0,1.0
2017-06-23T03:00,1.0,240943,19.0,78.27,26.0,5.0,1.0
2017-06-23T04:00,1.0,242653,18.0,82.4,22.0,10.0,1.0
2017-06-23T05:00,3.0,242840,18.23,82.0,20.0,7.0,1.0
2017-06-23T06:00,5.0,250207,19.6,80.97,23.0,9.0,1.0
2017-06-23T07:00,12.0,262921,25.38,64.38,22.0,18.0,1.0
2017-06-23T08:00,36.0,376890,30.57,43.17,22.0,18.0,2.0
2017-06-23T09:00,80.0,1179297,34.07,32.1,28.0,18.0,3.0
2017-06-23T10:00,119.0,3158380,33.57,32.17,24.0,7.0,4.0
2017-06-23T11:00,147.0,3949390,35.97,28.03,16.0,4.0,4.0
2017-06-23T12:00,170.0,4578423,38.03,26.97,12.0,4.0,5.0
2017-06-23T13:00,164.0,4764873,39.23,24.93,15.0,4.0,5.0
2017-06-23T14:00,205.0,5413257,38.67,25.33,13.0,2.0,5.0
2017-06-23T15:00,183.0,5589123,37.4,26.23,15.0,3.0,5.0
2017-06-23T16:00,170.0,4873723,36.73,27.17,17.0,3.0,5.0
2017-06-23T17:00,145.0,4339453,36.03,27.83,18.0,3.0,3.0
2017-06-23T18:00,121.0,3398383,34.1,28.7,19.0,3.0,3.0
2017-06-23T19:00,96.0,3091833,30.27,32.33,24.0,3.0,3.0
2017-06-23T20:00,80.0,2253317,28.0,38.3,27.0,4.0,3.0
2017-06-23T21:00,70.0,1782633,26.43,41.6,33.0,2.0,4.0
2017-06-23T22:00,45.0,1440530,25.33,43.27,29.0,2.0,5.0
2017-06-23T23:00,38.0,537390,24.0,47.0,26.0,2.0,8.0
2017-06-24T00:00,29.0,817820,22.9,51.87,35.0,4.0,6.0
2017-06-24T02:00,20.0,386740,20.0,59.63,33.0,3.0,4.0
2017-06-24T03:00,14.0,350787,19.63,66.8,29.0,4.0,1.0
2017-06-24T04:00,11.0,310727,19.33,67.0,29.0,2.0,1.0
2017-06-24T05:00,12.0,314300,19.57,67.1,29.0,4.0,1.0
2017-06-24T06:00,22.0,320063,25.47,48.63,25.0,3.0,1.0
2017-06-24T07:00,36.0,476150,29.93,41.53,23.0,6.0,2.0
2017-06-24T08:00,83.0,994277,32.87,35.9,17.0,6.0,2.0
2017-06-24T09:00,107.0,3171400,34.3,29.33,18.0,6.0,2.0
2017-06-24T10:00,128.0,3994183,32.87,30.53,10.0,3.0,2.0
2017-06-24T11:00,136.0,4595813,34.5,28.5,9.0,2.0,3.0
2017-06-24T12:00,150.0,4713033,35.93,28.0,8.0,3.0,4.0
2017-06-24T13:00,178.0,5186803,36.37,27.63,10.0,2.0,4.0
2017-06-24T14:00,160.0,4662773,35.77,29.1,10.0,2.0,3.0
2017-06-24T15:00,149.0,4299030,35.3,30.03,12.0,3.0,4.0
2017-06-24T16:00,136.0,4160160,33.7,30.97,11.0,2.0,3.0
2017-06-24T17:00,119.0,3956617,31.0,33.73,10.0,2.0,2.0
2017-06-24T18:00,108.0,3144813,30.83,35.0,10.0,4.0,3.0
2017-06-24T19:00,97.0,2983620,28.63,40.67,9.0,3.0,2.0
2017-06-24T20:00,86.0,2940197,26.43,44.57,10.0,3.0,3.0
2017-06-24T21:00,68.0,2303373,25.33,46.4,13.0,2.0,4.0
2017-06-24T22:00,40.0,1224747,24.0,51.6,16.0,3.0,3.0
2017-06-24T23:00,42.0,573690,24.0,53.97,21.0,2.0,3.0
2017-06-25T00:00,52.0,1069240,23.0,56.37,23.0,3.0,3.0
2017-06-25T02:00,32.0,795350,21.4,62.57,18.0,2.0,1.0
2017-06-25T03:00,32.0,785750,21.0,62.13,16.0,8.0,1.0
2017-06-25T04:00,24.0,626013,21.0,68.23,15.0,2.0,1.0
2017-06-25T05:00,15.0,475843,21.0,74.87,15.0,2.0,1.0
2017-06-25T06:00,24.0,363583,21.4,74.0,13.0,3.0,1.0
2017-06-25T07:00,35.0,500220,24.0,65.4,16.0,4.0,1.0
2017-06-25T08:00,42.0,566597,24.47,61.5,13.0,4.0,1.0
2017-06-25T09:00,57.0,985217,27.86,48.03,11.0,4.0,1.0
2017-06-25T10:00,62.0,1675583,26.13,52.53,12.0,2.0,1.0
2017-06-25T11:00,61.0,1582130,25.83,56.57,10.0,3.0,2.0
2017-06-25T12:00,63.0,2351520,24.27,61.23,9.0,3.0,1.0
2017-06-25T13:00,69.0,1857513,27.23,52.3,8.0,2.0,1.0
2017-06-25T14:00,87.0,2122213,29.0,47.73,12.0,2.0,1.0
2017-06-25T15:00,104.0,2731560,31.83,42.27,8.0,3.0,1.0
2017-06-25T16:00,105.0,2884153,31.27,42.43,8.0,3.0,1.0
2017-06-25T17:00,100.0,3231823,29.47,43.9,9.0,3.0,1.0
2017-06-25T18:00,103.0,3302113,28.6,44.4,10.0,2.0,1.0
2017-06-25T19:00,81.0,2804270,26.5,47.3,11.0,1.0,1.0
2017-06-25T20:00,72.0,2187253,25.0,53.73,17.0,2.0,1.0
2017-06-25T21:00,49.0,1895973,24.0,59.0,20.0,3.0,1.0
2017-06-25T22:00,42.0,1187173,23.0,65.2,23.0,2.0,1.0
2017-06-25T23:00,34.0,879587,23.0,64.07,22.0,2.0,1.0
2017-06-26T00:00,17.0,493703,22.17,68.1,18.0,3.0,1.0
2017-06-26T02:00,14.0,369760,21.0,71.13,23.0,2.0,1.0
2017-06-26T03:00,18.0,336453,21.0,72.37,20.0,2.0,1.0
2017-06-26T04:00,4.0,317147,21.0,74.3,20.0,3.0,1.0
2017-06-26T05:00,6.0,247677,20.77,73.1,21.0,3.0,1.0
2017-06-26T06:00,5.0,260207,21.0,73.23,25.0,7.0,1.0
2017-06-26T07:00,8.0,236233,21.0,73.47,23.0,8.0,1.0
2017-06-26T08:00,25.0,292093,24.73,63.4,28.0,14.0,2.0
2017-06-26T09:00,71.0,896677,31.1,42.27,27.0,16.0,2.0
2017-06-26T13:00,119.0,3886827,34.4,28.3,9.0,3.0,3.0
2017-06-26T14:00,138.0,5789003,33.2,28.23,11.0,3.0,3.0
2017-06-26T15:00,146.0,5997140,33.57,28.17,11.0,3.0,3.0
2017-06-26T17:00,120.0,5987817,30.33,29.7,11.0,3.0,2.0
2017-06-26T18:00,110.0,5545879,29.0,30.0,16.0,3.0,2.0
2017-06-26T19:00,99.0,5027230,28.0,31.0,17.0,3.0,2.0
2017-06-26T20:00,82.0,3746327,26.3,32.6,18.0,2.0,2.0
2017-06-26T21:00,79.0,3149080,24.97,33.97,20.0,3.0,2.0
2017-06-26T22:00,65.0,2319850,23.4,38.4,18.0,3.0,2.0
2017-06-26T23:00,56.0,1824797,22.0,45.17,18.0,3.0,3.0
2017-06-27T00:00,56.0,1535500,21.0,48.87,19.0,3.0,3.0
2017-06-27T02:00,46.0,1917570,19.0,52.6,10.0,3.0,2.0
2017-06-27T03:00,27.0,1349933,18.43,54.3,12.0,2.0,2.0
2017-06-27T04:00,14.0,441750,17.47,61.1,18.0,3.0,1.0
2017-06-27T05:00,20.0,458450,17.63,66.93,21.0,2.0,1.0
2017-06-27T06:00,27.0,496467,25.17,44.93,22.0,3.0,1.0
2017-06-27T07:00,40.0,610330,28.03,38.03,27.0,5.0,1.0
2017-06-27T08:00,67.0,1002637,30.8,34.1,21.0,6.0,2.0
2017-06-27T09:00,91.0,2844090,33.38,29.45,22.0,6.0,2.0
2017-06-27T10:00,112.0,3439660,31.37,31.5,11.0,5.0,3.0
2017-06-27T11:00,128.0,4235417,33.37,29.27,9.0,3.0,3.0
2017-06-27T12:00,133.0,4897783,33.03,30.13,11.0,2.0,2.0
2017-06-27T13:00,122.0,5018540,32.27,30.67,12.0,3.0,2.0
2017-06-27T14:00,123.0,5020603,31.57,30.07,11.0,3.0,2.0
2017-06-27T15:00,111.0,4804343,31.17,30.67,10.0,3.0,2.0
2017-06-27T16:00,107.0,4576003,29.57,32.0,10.0,3.0,2.0
2017-06-27T17:00,98.0,4203553,26.8,40.37,11.0,3.0,2.0
2017-06-27T18:00,90.0,3304517,26.73,44.23,11.0,3.0,2.0
2017-06-27T19:00,82.0,3290153,25.3,45.73,14.0,3.0,2.0
2017-06-27T20:00,87.0,2598953,24.0,48.0,17.0,3.0,2.0
2017-06-27T21:00,55.0,1854093,23.73,49.4,19.0,2.0,3.0
2017-06-27T22:00,43.0,1132030,22.0,59.47,17.0,2.0,2.0
2017-06-27T23:00,67.0,1144547,21.0,64.57,19.0,3.0,2.0
2017-06-28T00:00,59.0,3215450,21.5,62.3,18.0,3.0,1.0
2017-06-28T02:00,29.0,859827,20.8,64.93,10.0,2.0,1.0
2017-06-28T03:00,25.0,517527,19.83,67.77,15.0,2.0,1.0
2017-06-28T04:00,10.0,352627,19.0,69.57,18.0,3.0,1.0
2017-06-28T05:00,22.0,543960,18.77,73.23,23.0,3.0,1.0
2017-06-28T06:00,58.0,718980,24.87,51.6,21.0,2.0,1.0
2017-06-28T07:00,63.0,3092093,22.47,44.27,22.0,5.0,1.0
2017-06-28T08:00,67.0,3262447,27.63,33.93,11.0,3.0,1.0
2017-06-28T09:00,69.0,3366600,28.43,32.13,9.0,3.0,1.0
2017-06-28T10:00,70.0,3420740,27.9,32.17,7.0,3.0,1.0
2017-06-28T11:00,73.0,3748180,28.17,31.7,7.0,2.0,1.0
2017-06-28T12:00,74.0,3748990,29.03,31.2,6.0,3.0,1.0
2017-06-28T13:00,75.0,3272037,29.73,31.0,7.0,11.0,1.0
2017-06-28T14:00,70.0,3328187,29.2,31.13,7.0,3.0,1.0
2017-06-28T15:00,75.0,3357753,29.43,31.03,7.0,4.0,1.0
2017-06-28T16:00,82.0,3251970,26.87,32.0,11.0,6.0,1.0
2017-06-28T17:00,76.0,3291260,28.43,31.57,12.0,5.0,1.0
2017-06-28T18:00,75.0,4323157,22.7,35.2,12.0,4.0,1.0
2017-06-28T19:00,68.0,3856040,20.57,44.77,11.0,13.0,1.0
2017-06-28T20:00,82.0,4676357,18.77,45.73,15.0,3.0,1.0
2017-06-28T21:00,71.0,4766943,17.9,46.9,12.0,3.0,1.0
2017-06-28T22:00,60.0,3532470,16.2,51.83,12.0,3.0,1.0
2017-06-28T23:00,58.0,3305350,16.0,56.67,9.0,2.0,1.0
2017-06-29T00:00,46.0,3068787,16.0,54.7,7.0,2.0,1.0
2017-06-29T02:00,34.0,1871847,14.03,66.17,10.0,2.0,1.0
2017-06-29T03:00,25.0,1305807,14.0,64.53,8.0,3.0,1.0
2017-06-29T04:00,7.0,754133,13.0,69.67,12.0,2.0,1.0
2017-06-29T05:00,9.0,434873,13.0,69.7,15.0,3.0,1.0
2017-06-29T06:00,31.0,507993,16.37,55.13,22.0,5.0,1.0
2017-06-29T07:00,54.0,2328087,24.7,38.43,22.0,9.0,1.0
2017-06-29T08:00,55.0,2703060,25.3,35.77,14.0,12.0,1.0
2017-06-29T09:00,66.0,3299220,25.83,33.33,8.0,3.0,1.0
2017-06-29T10:00,72.0,4001103,24.0,34.1,8.0,4.0,1.0
2017-06-29T11:00,76.0,4686087,23.97,33.83,6.0,3.0,1.0
2017-06-29T12:00,76.0,4341097,26.87,31.83,8.0,3.0,1.0
2017-06-29T13:00,80.0,4422100,27.9,30.9,7.0,3.0,1.0
2017-06-29T14:00,86.0,5197950,27.5,31.0,6.0,3.0,1.0
2017-06-29T15:00,84.0,5110817,26.33,31.57,6.0,3.0,1.0
2017-06-29T16:00,83.0,5720007,26.3,31.6,8.0,3.0,1.0
2017-06-29T17:00,82.0,5535617,26.13,31.87,8.0,2.0,1.0
2017-06-29T18:00,70.0,4696030,25.3,32.3,8.0,3.0,1.0
2017-06-29T19:00,64.0,3924770,21.0,35.47,8.0,3.0,1.0
2017-06-29T20:00,62.0,3884673,18.07,40.73,12.0,3.0,1.0
2017-06-29T21:00,63.0,4078673,17.7,39.67,10.0,3.0,1.0
2017-06-29T22:00,60.0,4410973,17.0,40.4,12.0,2.0,1.0
2017-06-29T23:00,41.0,3104857,15.77,43.27,9.0,22.0,1.0
2017-06-30T00:00,44.0,1608057,14.1,48.17,10.0,2.0,1.0
2017-06-30T02:00,38.0,2621227,13.0,52.0,7.0,3.0,1.0
2017-06-30T03:00,28.0,1223713,12.8,52.43,9.0,2.0,1.0
2017-06-30T04:00,24.0,932080,12.97,54.43,9.0,2.0,1.0
2017-06-30T05:00,20.0,989213,12.5,55.13,16.0,4.0,1.0
2017-06-30T06:00,27.0,657870,20.97,34.27,17.0,3.0,1.0
2017-06-30T07:00,31.0,939290,20.03,34.77,20.0,5.0,1.0
2017-06-30T08:00,69.0,1748597,26.27,31.6,20.0,6.0,1.0
2017-06-30T09:00,75.0,4668127,24.9,32.43,15.0,7.0,1.0
2017-06-30T10:00,77.0,4877677,23.4,33.03,8.0,4.0,1.0
2017-06-30T11:00,78.0,5060630,24.6,32.53,6.0,3.0,1.0
2017-06-30T12:00,79.0,5434473,25.9,31.97,6.0,3.0,1.0
2017-06-30T13:00,79.0,4725167,27.6,31.07,8.0,3.0,1.0
2017-06-30T14:00,79.0,5130747,26.9,31.27,6.0,4.0,1.0
2017-06-30T15:00,77.0,4621357,28.07,30.9,7.0,3.0,1.0
2017-06-30T16:00,70.0,4012947,22.3,33.6,6.0,3.0,1.0
2017-06-30T17:00,62.0,3942620,19.77,36.37,9.0,3.0,1.0
2017-06-30T18:00,53.0,2809840,15.73,62.57,12.0,4.0,1.0
2017-06-30T19:00,51.0,2997857,16.2,62.17,13.0,3.0,1.0
2017-06-30T20:00,49.0,2931170,15.63,62.97,10.0,3.0,1.0
2017-08-07T00:00,31.0,517180,21.0,34.0,9.0,1.0,1.0
2017-08-07T02:00,24.0,384750,21.0,34.0,9.0,1.0,1.0
2017-08-07T03:00,32.0,414547,21.0,34.0,8.0,1.0,1.0
2017-08-07T04:00,35.0,398317,21.0,34.0,8.0,1.0,1.0
2017-08-07T05:00,20.0,382487,20.13,34.87,9.0,1.0,1.0
2017-08-07T06:00,24.0,339063,22.17,33.83,14.0,1.0,1.0
2017-08-07T07:00,23.0,308747,22.5,33.63,16.0,3.0,1.0
2017-08-07T08:00,47.0,388603,25.55,32.1,17.0,5.0,1.0
2017-08-07T09:00,50.0,674553,28.53,30.6,13.0,2.0,1.0
2017-08-07T10:00,58.0,761277,28.5,30.5,8.0,1.0,1.0
2017-08-07T11:00,89.0,2375613,29.9,29.9,3.0,1.0,1.0
2017-08-07T12:00,78.0,3891720,28.67,30.5,2.0,1.0,1.0
2017-08-07T13:00,98.0,3770760,30.0,30.0,2.0,1.0,1.0
2017-08-07T14:00,96.0,4843080,30.1,29.83,2.0,1.0,1.0
2017-08-07T15:00,91.0,3243823,27.27,31.03,2.0,1.0,1.0
2017-08-07T16:00,104.0,3997283,29.43,30.17,3.0,1.0,1.0
2017-08-07T17:00,101.0,4166457,30.03,29.7,4.0,1.0,1.0
2017-08-07T18:00,108.0,3824340,28.9,30.4,4.0,1.0,1.0
2017-08-07T19:00,91.0,4034120,26.73,31.5,5.0,1.0,1.0
2017-08-07T20:00,55.0,3160853,23.67,33.0,5.0,1.0,1.0
2017-08-07T21:00,62.0,1093820,21.23,34.0,6.0,1.0,1.0
2017-08-07T22:00,49.0,1437153,20.83,34.17,10.0,1.0,1.0
2017-08-07T23:00,43.0,1315733,20.0,35.0,11.0,1.0,1.0
2017-07-13T10:00,103.0,2844240,31.7,28.9,9.0,1.0,8.0
2017-07-13T11:00,111.0,2854173,33.63,27.97,9.0,1.0,8.0
2017-07-13T12:00,123.0,3070620,36.17,26.83,8.0,1.0,7.0
2017-07-13T13:00,133.0,3400357,37.1,26.2,8.0,1.0,8.0
2017-07-13T14:00,122.0,2922577,37.5,26.0,7.0,1.0,8.0
2017-07-13T15:00,106.0,2364757,33.33,27.9,9.0,1.0,8.0
2017-07-13T16:00,98.0,2589303,29.93,30.0,8.0,1.0,7.0
2017-07-13T17:00,81.0,2436943,28.0,37.3,9.0,1.0,6.0
2017-07-13T18:00,71.0,2246738,26.0,46.76,10.0,1.0,6.0
2017-07-13T19:00,68.0,2132460,24.63,50.63,11.0,1.0,7.0
2017-07-13T20:00,73.0,2388600,24.0,53.6,10.0,1.0,7.0
2017-07-13T21:00,71.0,2593033,24.0,50.23,7.0,1.0,6.0
2017-07-13T22:00,66.0,2289973,24.0,49.97,6.0,1.0,5.0
2017-07-13T23:00,62.0,2118253,24.0,48.1,5.0,1.0,5.0
2017-07-14T00:00,60.0,2018323,24.0,47.73,5.0,1.0,5.0
2017-07-14T02:00,51.0,1718597,24.0,49.23,5.0,1.0,3.0
2017-07-14T03:00,52.0,1450457,24.0,49.23,7.0,1.0,3.0
2017-07-14T04:00,47.0,1312643,23.0,58.8,9.0,1.0,2.0
2017-07-14T05:00,49.0,1335533,23.0,59.33,8.0,1.0,2.0
2017-07-14T06:00,44.0,1180477,23.93,55.17,11.0,1.0,1.0
2017-07-14T07:00,48.0,1112357,24.6,50.47,12.0,1.0,2.0
2017-07-14T08:00,67.0,1152700,28.27,34.37,16.0,1.0,2.0
2017-07-14T09:00,72.0,2046260,29.43,30.17,15.0,2.0,2.0
2017-07-14T10:00,87.0,2640610,30.03,29.7,9.0,1.0,2.0
2017-07-14T11:00,99.0,2492166,33.62,27.86,10.0,1.0,1.0
2017-07-14T12:00,117.0,3275850,33.57,27.97,9.0,1.0,1.0
2017-07-14T13:00,124.0,3507453,35.63,26.93,8.0,1.0,2.0
2017-07-14T14:00,114.0,3281467,32.33,28.5,8.0,1.0,2.0
2017-07-14T15:00,112.0,3086403,30.83,29.37,10.0,1.0,2.0
2017-07-14T16:00,110.0,3077070,32.23,28.83,9.0,1.0,1.0
2017-07-14T17:00,104.0,2728350,31.07,29.3,9.0,1.0,1.0
2017-07-14T18:00,92.0,2710470,29.93,29.97,10.0,1.0,1.0
2017-07-14T19:00,68.0,2660227,25.1,43.67,9.0,1.0,1.0
2017-07-14T20:00,64.0,2132237,23.83,50.5,12.0,1.0,1.0
2017-07-14T21:00,57.0,1990427,22.7,53.93,14.0,1.0,1.0
2017-07-14T22:00,56.0,1941710,22.0,58.43,12.0,1.0,1.0
2017-07-14T23:00,49.0,1726943,22.0,60.87,11.0,1.0,1.0
2017-07-15T00:00,32.0,862523,21.9,60.7,12.0,1.0,1.0
2017-07-15T02:00,25.0,686187,21.57,60.0,13.0,1.0,1.0
2017-07-15T03:00,22.0,514247,21.0,61.83,12.0,1.0,1.0
2017-07-15T04:00,21.0,408980,20.63,65.37,15.0,1.0,1.0
2017-07-15T05:00,17.0,323010,20.47,65.27,16.0,1.0,1.0
2017-07-15T06:00,26.0,371673,23.3,50.3,17.0,1.0,1.0
2017-07-15T07:00,39.0,433700,29.63,32.73,16.0,2.0,1.0
2017-07-15T08:00,69.0,911890,32.63,28.57,14.0,2.0,1.0
2017-07-15T09:00,89.0,2126100,31.0,29.0,12.0,2.0,1.0
2017-07-15T10:00,101.0,2473473,31.8,29.0,9.0,1.0,1.0
2017-07-15T11:00,109.0,3338077,33.63,27.97,7.0,1.0,1.0
2017-07-15T12:00,113.0,3785967,35.7,27.0,7.0,1.0,1.0
2017-07-15T13:00,114.0,4092087,37.8,25.97,7.0,1.0,1.0
2017-07-15T14:00,118.0,3662359,32.76,28.31,5.0,1.0,1.0
2017-07-15T15:00,123.0,3419557,34.17,27.7,7.0,1.0,1.0
2017-07-15T16:00,130.0,3725517,33.47,27.97,6.0,1.0,1.0
2017-07-15T17:00,123.0,3383563,33.27,28.07,7.0,1.0,1.0
2017-07-15T18:00,116.0,4125663,28.53,30.47,7.0,1.0,1.0
2017-07-15T19:00,108.0,4006117,27.0,33.13,9.0,1.0,1.0
2017-07-15T20:00,99.0,3646653,26.0,36.37,10.0,1.0,1.0
2017-07-15T21:00,76.0,2826380,25.0,39.83,10.0,1.0,1.0
2017-07-15T22:00,64.0,1478717,24.0,33.0,10.0,1.0,1.0
2017-07-15T23:00,70.0,1025910,22.83,36.83,13.0,1.0,1.0
2017-07-16T00:00,57.0,1445413,22.0,42.73,15.0,1.0,1.0
2017-07-16T02:00,34.0,937840,21.0,50.7,10.0,1.0,1.0
2017-07-16T03:00,27.0,674117,20.0,58.67,10.0,1.0,1.0
2017-07-16T04:00,19.0,482253,19.0,63.27,12.0,1.0,1.0
2017-07-16T05:00,19.0,411117,18.4,67.57,13.0,1.0,1.0
2017-07-16T06:00,31.0,471370,25.57,38.03,15.0,1.0,1.0
2017-07-16T07:00,37.0,462730,30.07,29.77,12.0,2.0,1.0
2017-07-16T08:00,70.0,1046273,32.9,28.2,14.0,3.0,1.0
2017-07-16T09:00,105.0,2698463,32.43,28.47,19.0,3.0,1.0
2017-07-16T10:00,110.0,4309010,31.97,28.67,11.0,2.0,1.0
2017-07-16T11:00,110.0,4176163,34.87,27.33,5.0,1.0,2.0
2017-07-16T12:00,112.0,4266620,37.27,26.0,5.0,1.0,2.0
2017-07-16T13:00,114.0,4266803,39.07,25.13,5.0,1.0,1.0
2017-07-16T14:00,132.0,3927327,37.43,26.2,4.0,1.0,1.0
2017-07-16T15:00,113.0,3286377,36.3,26.7,5.0,1.0,2.0
2017-07-16T16:00,107.0,3350410,35.37,27.0,5.0,1.0,1.0
2017-07-16T19:00,103.0,4007537,27.47,31.0,7.0,1.0,1.0
2017-07-16T20:00,95.0,3660907,25.4,32.0,7.0,1.0,1.0
2017-07-16T21:00,83.0,3189283,24.0,33.03,10.0,1.0,1.0
2017-07-16T22:00,68.0,2390043,23.57,38.17,11.0,1.0,1.0
2017-07-16T23:00,62.0,1385847,22.2,33.83,13.0,1.0,1.0
2017-07-17T00:00,58.0,1414463,21.3,36.6,12.0,1.0,1.0
2017-07-17T02:00,48.0,1177513,21.0,35.0,11.0,1.0,1.0
2017-07-17T03:00,41.0,821250,19.9,48.7,9.0,1.0,2.0
2017-07-17T04:00,28.0,549307,19.4,49.63,10.0,1.0,2.0
2017-07-17T05:00,28.0,575003,19.0,41.5,15.0,1.0,2.0
2017-07-17T06:00,30.0,587737,23.6,32.97,20.0,2.0,1.0
2017-07-17T07:00,48.0,769683,27.4,31.0,21.0,2.0,1.0
2017-07-17T08:00,73.0,1312717,32.28,28.72,21.0,3.0,3.0
2017-07-17T09:00,100.0,2953367,31.43,29.1,19.0,2.0,2.0
2017-07-17T10:00,112.0,3687760,31.03,29.37,11.0,1.0,3.0
2017-07-17T11:00,120.0,4076580,33.77,27.77,9.0,1.0,3.0
2017-07-17T12:00,128.0,4486943,35.5,27.0,8.0,1.0,3.0
2017-07-17T13:00,129.0,5223523,34.7,27.3,8.0,1.0,2.0
2017-07-17T14:00,130.0,5335830,34.03,27.83,9.0,1.0,1.0
2017-07-17T15:00,133.0,5474397,32.9,28.1,8.0,1.0,1.0
2017-07-17T16:00,125.0,5559523,30.67,29.4,9.0,1.0,1.0
2017-07-17T17:00,116.0,5373807,29.87,29.77,9.0,1.0,1.0
2017-07-17T18:00,116.0,5440823,28.2,30.8,12.0,1.0,1.0
2017-07-17T19:00,111.0,5800513,26.37,31.63,15.0,1.0,1.0
2017-07-17T20:00,112.0,6006343,25.0,32.0,12.0,1.0,1.0
2017-07-17T21:00,97.0,5343670,24.0,33.0,11.0,1.0,1.0
2017-07-17T22:00,93.0,4330360,22.57,33.43,9.0,1.0,1.0
2017-07-17T23:00,70.0,2419657,21.0,34.0,11.0,1.0,1.0
2017-07-18T00:00,52.0,1818610,20.77,34.23,12.0,1.0,1.0
2017-07-18T02:00,45.0,976747,18.03,35.97,14.0,1.0,1.0
2017-07-18T03:00,41.0,674003,18.0,36.0,15.0,1.0,1.0
2017-07-18T04:00,29.0,587260,17.0,45.1,16.0,1.0,1.0
2017-07-18T05:00,13.0,502307,16.93,44.5,18.0,1.0,1.0
2017-07-18T06:00,18.0,359707,22.7,33.43,22.0,2.0,1.0
2017-07-18T07:00,28.0,412186,21.62,33.83,30.0,6.0,1.0
2017-07-18T08:00,58.0,514510,28.23,30.73,29.0,7.0,1.0
2017-07-18T09:00,110.0,2778400,31.47,28.93,32.0,8.0,3.0
2017-07-18T10:00,122.0,4093173,31.73,29.0,22.0,3.0,3.0
2017-07-18T11:00,120.0,4415947,33.3,28.07,11.0,1.0,3.0
2017-07-18T12:00,122.0,4145050,35.97,26.83,9.0,1.0,2.0
2017-07-18T13:00,129.0,4331023,36.8,26.2,7.0,1.0,1.0
2017-07-18T14:00,181.0,4545373,36.9,26.3,7.0,1.0,1.0
2017-07-18T15:00,158.0,5404533,33.5,28.0,7.0,1.0,1.0
2017-07-18T16:00,146.0,5074743,32.97,28.03,12.0,1.0,2.0
2017-07-18T17:00,139.0,4647127,32.1,28.9,11.0,1.0,1.0
2017-07-18T18:00,126.0,4833050,29.27,30.17,13.0,1.0,1.0
2017-07-18T19:00,107.0,4711780,26.53,31.47,13.0,1.0,1.0
2017-07-18T20:00,99.0,3870837,25.0,32.0,13.0,1.0,1.0
2017-07-18T21:00,84.0,2940227,23.97,33.0,13.0,1.0,1.0
2017-07-18T22:00,74.0,2696570,23.0,35.4,12.0,1.0,1.0
2017-07-18T23:00,67.0,1999403,22.0,49.07,11.0,1.0,1.0
2017-07-19T00:00,57.0,1272067,22.03,33.97,12.0,1.0,1.0
2017-07-19T02:00,56.0,968207,21.57,37.07,13.0,1.0,1.0
2017-07-19T03:00,51.0,1196270,21.0,43.33,13.0,1.0,2.0
2017-07-19T04:00,48.0,1235077,21.0,35.0,11.0,1.0,2.0
2017-07-19T05:00,23.0,409357,20.0,42.8,14.0,1.0,1.0
2017-07-19T06:00,20.0,401157,21.57,33.97,23.0,2.0,1.0
2017-07-19T07:00,56.0,675357,28.57,30.37,27.0,4.0,1.0
2017-07-19T08:00,93.0,1733210,30.33,29.6,27.0,8.0,2.0
2017-07-19T09:00,102.0,3616435,31.65,28.91,18.0,3.0,2.0
2017-07-19T10:00,113.0,3717160,33.03,28.17,10.0,1.0,1.0
2017-07-19T11:00,114.0,3925100,37.2,26.13,10.0,1.0,1.0
2017-07-19T12:00,110.0,4637050,36.6,26.53,8.0,1.0,2.0
2017-07-19T13:00,116.0,4894763,35.83,26.87,10.0,1.0,1.0
2017-07-19T14:00,114.0,4562467,34.37,27.43,9.0,1.0,1.0
2017-07-19T15:00,110.0,4165607,32.37,28.63,8.0,1.0,1.0
2017-07-19T16:00,108.0,4256783,31.1,29.07,8.0,2.0,1.0
2017-07-19T17:00,103.0,4101177,31.6,28.77,9.0,1.0,1.0
2017-07-19T18:00,102.0,4094707,30.0,30.0,10.0,1.0,1.0
2017-07-19T19:00,97.0,3772263,27.73,31.0,11.0,1.0,1.0
2017-07-19T20:00,81.0,3511403,25.8,32.0,12.0,1.0,1.0
2017-07-19T21:00,82.0,2883350,24.0,33.0,14.0,1.0,1.0
2017-07-19T22:00,79.0,2636517,22.43,33.57,15.0,1.0,1.0
2017-07-19T23:00,62.0,2434857,22.0,38.57,10.0,1.0,1.0
2017-07-20T00:00,45.0,1441507,21.0,36.57,9.0,1.0,1.0
2017-07-20T02:00,43.0,878523,20.0,36.8,15.0,1.0,2.0
2017-07-20T03:00,44.0,707347,20.0,35.0,11.0,1.0,2.0
2017-07-20T04:00,35.0,612653,20.0,35.0,12.0,1.0,2.0
2017-07-20T05:00,25.0,442757,20.0,35.0,14.0,1.0,2.0
2017-07-20T06:00,33.0,319090,23.07,33.1,20.0,1.0,2.0
2017-07-20T07:00,86.0,1299500,29.1,30.33,30.0,5.0,2.0
2017-07-20T08:00,97.0,3922083,30.23,29.77,23.0,4.0,2.0
2017-07-20T09:00,99.0,3789407,26.87,31.47,11.0,1.0,2.0
2017-07-20T10:00,95.0,3625747,28.77,30.53,8.0,1.0,2.0
2017-07-20T11:00,98.0,3059267,30.0,29.9,7.0,1.0,2.0
2017-07-20T12:00,103.0,3099610,33.87,27.93,8.0,1.0,2.0
2017-07-20T13:00,102.0,3351897,33.83,27.87,6.0,1.0,2.0
2017-07-20T14:00,101.0,3180463,34.27,27.6,5.0,1.0,3.0
2017-07-20T15:00,99.0,3004790,32.87,28.3,6.0,1.0,1.0
2017-07-20T16:00,104.0,3433220,29.37,29.9,8.0,1.0,1.0
2017-07-20T17:00,94.0,3359466,27.07,31.03,9.0,1.0,1.0
2017-07-20T18:00,93.0,3371563,24.67,32.33,10.0,1.0,1.0
2017-07-20T19:00,89.0,3203760,24.0,33.0,12.0,1.0,1.0
2017-07-20T20:00,65.0,3113333,22.67,33.33,13.0,1.0,1.0
2017-07-20T21:00,41.0,1118117,21.47,34.0,11.0,1.0,1.0
2017-07-20T22:00,25.0,516413,21.0,34.0,17.0,1.0,1.0
2017-07-20T23:00,26.0,749433,20.23,35.37,22.0,1.0,1.0
2017-07-21T00:00,40.0,589467,19.8,40.73,21.0,1.0,1.0
2017-07-21T02:00,28.0,1003553,18.87,39.23,11.0,1.0,1.0
2017-07-21T03:00,28.0,616273,18.0,47.0,11.0,1.0,1.0
2017-07-21T04:00,16.0,441667,17.6,48.77,11.0,1.0,1.0
2017-07-21T05:00,8.0,309617,17.0,62.57,14.0,1.0,1.0
2017-07-21T06:00,16.0,375460,23.2,34.5,18.0,3.0,1.0
2017-07-21T07:00,28.0,381260,25.07,34.47,19.0,4.0,1.0
2017-07-21T08:00,37.0,527017,25.9,31.9,18.0,5.0,1.0
2017-07-21T09:00,24.0,506797,22.63,36.93,18.0,5.0,1.0
2017-07-21T10:00,47.0,580100,23.6,42.07,19.0,3.0,1.0
2017-07-21T11:00,42.0,1546940,22.63,42.3,25.0,4.0,1.0
2017-07-21T12:00,58.0,1070590,22.57,57.13,18.0,2.0,1.0
2017-07-21T13:00,75.0,1690993,24.13,45.0,19.0,2.0,1.0
2017-07-21T14:00,93.0,2816053,25.67,32.03,14.0,1.0,1.0
2017-07-21T15:00,98.0,2983087,28.03,30.93,11.0,1.0,1.0
2017-07-21T16:00,104.0,2934250,28.7,30.47,10.0,1.0,1.0
2017-07-21T17:00,113.0,3680380,29.07,30.03,10.0,1.0,1.0
2017-07-21T18:00,106.0,3348537,29.23,30.07,8.0,1.0,1.0
2017-07-21T19:00,85.0,3877228,26.28,31.66,9.0,1.0,1.0
2017-07-21T20:00,59.0,2025867,23.97,33.0,13.0,1.0,1.0
2017-07-21T21:00,33.0,1346930,22.0,34.0,26.0,1.0,1.0
2017-07-21T22:00,46.0,574823,21.0,43.4,24.0,1.0,1.0
2017-07-21T23:00,41.0,755793,20.0,44.53,28.0,1.0,1.0
2017-07-22T00:00,26.0,618530,19.37,48.73,23.0,2.0,1.0
2017-07-22T02:00,10.0,288290,18.0,62.27,20.0,2.0,1.0
2017-07-22T03:00,4.0,293523,17.53,65.6,24.0,6.0,1.0
2017-07-22T04:00,5.0,278087,17.0,69.43,17.0,8.0,1.0
2017-07-22T05:00,4.0,290337,16.83,68.0,24.0,6.0,1.0
2017-07-22T06:00,11.0,303473,20.43,55.5,15.0,7.0,1.0
2017-07-22T07:00,20.0,325523,26.6,31.5,16.0,8.0,1.0
2017-07-22T08:00,47.0,482527,29.03,30.27,16.0,9.0,1.0
2017-07-22T09:00,94.0,1953697,28.7,30.5,17.0,7.0,1.0
2017-07-22T10:00,111.0,3539457,30.87,29.3,14.0,2.0,1.0
2017-07-22T11:00,126.0,3721043,34.4,27.5,9.0,2.0,1.0
2017-07-22T12:00,136.0,4103637,33.23,28.13,7.0,1.0,1.0
2017-07-22T13:00,140.0,4397210,31.73,28.87,8.0,1.0,1.0
2017-07-22T14:00,148.0,4317810,34.37,27.63,8.0,1.0,1.0
2017-07-22T15:00,155.0,4545680,32.9,28.3,7.0,1.0,1.0
2017-07-22T16:00,159.0,4989947,31.83,28.83,8.0,1.0,1.0
2017-07-22T17:00,155.0,4764343,31.43,29.0,8.0,1.0,1.0
2017-07-22T18:00,122.0,4292057,30.07,29.8,8.0,1.0,1.0
2017-07-22T19:00,97.0,3503769,26.52,32.41,10.0,1.0,1.0
2017-07-22T20:00,82.0,2745717,24.67,45.7,13.0,1.0,1.0
2017-07-22T21:00,76.0,2521370,24.0,48.0,14.0,1.0,1.0
2017-07-22T22:00,68.0,1893510,24.0,47.33,14.0,1.0,1.0
2017-07-22T23:00,45.0,1581660,22.97,49.9,15.0,1.0,1.0
2017-07-23T00:00,34.0,678223,22.0,50.37,15.0,1.0,1.0
2017-07-23T02:00,21.0,530097,21.0,52.63,14.0,1.0,2.0
2017-07-23T03:00,11.0,354940,20.33,59.73,16.0,1.0,2.0
2017-07-23T04:00,11.0,301250,20.0,64.77,17.0,1.0,2.0
2017-07-23T05:00,12.0,310117,20.0,66.0,20.0,1.0,2.0
2017-07-23T06:00,15.0,315810,21.1,64.03,18.0,1.0,2.0
2017-07-23T07:00,37.0,341340,24.7,50.63,16.0,2.0,1.0
2017-07-23T08:00,71.0,1078410,31.2,29.2,14.0,3.0,2.0
2017-07-23T09:00,85.0,2229253,29.1,30.27,11.0,2.0,3.0
2017-07-23T10:00,90.0,2978307,29.93,29.8,7.0,1.0,2.0
2017-07-23T11:00,98.0,3368713,30.33,29.77,6.0,1.0,2.0
2017-07-23T12:00,103.0,3252760,33.5,27.97,6.0,1.0,2.0
2017-07-23T13:00,114.0,3273787,35.0,27.23,5.0,1.0,2.0
2017-07-23T14:00,122.0,3805463,34.03,27.77,4.0,1.0,2.0
2017-07-23T15:00,122.0,4178540,31.3,29.03,5.0,1.0,1.0
2017-07-23T16:00,106.0,3965097,30.13,29.87,6.0,1.0,1.0
2017-07-23T17:00,95.0,3825227,26.13,31.73,6.0,1.0,1.0
2017-07-23T18:00,91.0,3300567,22.9,45.63,6.0,1.0,1.0
2017-07-23T19:00,108.0,4768497,22.2,33.8,7.0,1.0,3.0
2017-07-23T20:00,86.0,4669167,22.9,33.23,8.0,1.0,3.0
2017-07-23T21:00,57.0,3082200,20.53,48.97,8.0,1.0,2.0
2017-07-23T22:00,56.0,2107203,20.0,51.13,12.0,1.0,2.0
2017-07-23T23:00,42.0,1745443,19.37,54.0,14.0,1.0,1.0
2017-07-24T00:00,34.0,1043923,19.9,53.8,13.0,1.0,1.0
2017-07-24T02:00,13.0,570203,18.0,58.47,22.0,22.0,1.0
2017-07-24T03:00,5.0,395393,18.0,64.27,13.0,4.0,1.0
2017-07-24T04:00,8.0,342200,17.0,67.23,13.0,1.0,1.0
2017-07-24T05:00,9.0,353587,17.0,68.0,18.0,1.0,1.0
2017-07-24T06:00,10.0,320523,19.47,55.4,17.0,2.0,1.0
2017-07-24T07:00,22.0,364047,27.53,31.1,16.0,7.0,1.0
2017-07-24T08:00,70.0,908577,28.5,30.6,18.0,10.0,1.0
2017-07-24T09:00,86.0,2706000,26.43,31.57,16.0,6.0,1.0
2017-07-24T10:00,94.0,3311370,27.73,31.0,9.0,2.0,1.0
2017-07-24T11:00,97.0,3282543,30.7,29.5,7.0,1.0,1.0
2017-07-24T12:00,101.0,3343303,34.57,27.4,7.0,1.0,1.0
2017-07-24T13:00,95.0,3757477,30.43,29.67,5.0,4.0,1.0
2017-07-24T14:00,99.0,3394977,31.53,29.0,6.0,1.0,1.0
2017-07-24T15:00,99.0,3353317,29.63,30.0,8.0,1.0,1.0
2017-07-24T16:00,96.0,3207260,29.2,30.23,8.0,1.0,1.0
2017-07-24T17:00,94.0,3138187,29.33,30.2,8.0,1.0,1.0
2017-07-24T18:00,83.0,3122130,27.9,30.73,9.0,1.0,1.0
2017-07-24T19:00,59.0,2042263,23.13,50.63,9.0,1.0,1.0
2017-07-24T20:00,51.0,1957430,22.0,57.37,10.0,1.0,1.0
2017-07-24T21:00,60.0,1660827,22.0,58.47,10.0,1.0,1.0
2017-07-24T22:00,57.0,2179277,21.0,58.9,10.0,1.0,1.0
2017-07-24T23:00,43.0,1683927,21.0,62.07,7.0,1.0,1.0
2017-07-25T00:00,37.0,1081690,20.0,65.6,8.0,1.0,1.0
2017-07-25T02:00,27.0,1114247,19.4,65.47,11.0,1.0,1.0
2017-07-25T03:00,26.0,478430,18.7,65.73,10.0,1.0,1.0
2017-07-25T04:00,6.0,380963,18.0,65.9,16.0,1.0,1.0
2017-07-25T05:00,7.0,351924,17.28,65.38,15.0,2.0,1.0
2017-07-25T06:00,24.0,376337,23.93,38.53,21.0,4.0,1.0
2017-07-25T07:00,34.0,943860,28.13,30.83,18.0,6.0,1.0
2017-07-25T08:00,43.0,1145617,29.07,30.27,10.0,2.0,1.0
2017-07-25T09:00,54.0,1681440,25.27,32.0,9.0,2.0,1.0
2017-07-25T10:00,69.0,2082190,26.7,31.3,9.0,2.0,1.0
2017-07-25T15:00,86.0,3680263,27.13,31.0,2.0,1.0,2.0
2017-08-08T00:00,37.0,655140,22.0,41.1,8.0,1.0,1.0
2017-08-08T02:00,49.0,875543,22.0,43.53,10.0,1.0,1.0
2017-08-08T03:00,42.0,1511330,22.0,34.9,7.0,1.0,1.0
2017-08-08T04:00,43.0,1010050,22.0,38.77,4.0,1.0,1.0
2017-08-08T05:00,32.0,579580,22.0,40.0,6.0,1.0,1.0
2017-08-08T06:00,40.0,819787,22.17,37.67,8.0,1.0,1.0
2017-08-08T07:00,42.0,889010,25.9,31.9,12.0,1.0,1.0
2017-08-08T08:00,52.0,1073233,31.07,29.3,9.0,2.0,1.0
2017-08-08T09:00,66.0,1539903,27.07,31.0,9.0,2.0,1.0
2017-08-08T10:00,69.0,1924010,27.67,31.03,6.0,1.0,1.0
2017-08-08T11:00,74.0,2568543,24.93,32.33,3.0,1.0,1.0
2017-08-08T12:00,77.0,2427513,30.97,29.2,3.0,1.0,1.0
2017-08-08T13:00,74.0,2770857,25.37,32.0,2.0,1.0,1.0
2017-08-08T14:00,75.0,2683083,26.83,31.17,1.0,1.0,1.0
2017-08-08T15:00,83.0,2526063,28.17,30.77,4.0,2.0,1.0
2017-08-08T16:00,77.0,2807563,28.27,30.73,2.0,1.0,1.0
2017-08-08T17:00,75.0,3063233,26.03,31.7,2.0,1.0,1.0
2017-08-08T18:00,71.0,3065737,24.23,32.77,3.0,1.0,1.0
2017-08-08T19:00,68.0,2961427,23.6,33.0,3.0,1.0,1.0
2017-08-08T20:00,64.0,2950973,21.1,34.0,4.0,1.0,1.0
2017-08-08T21:00,58.0,2676447,20.53,34.47,3.0,1.0,1.0
2017-08-08T22:00,40.0,1671810,19.4,35.0,2.0,1.0,1.0
2017-08-08T23:00,32.0,829470,18.0,36.67,4.0,1.0,1.0
2017-08-13T00:00,28.0,722233,18.0,55.07,9.0,1.0,1.0
2017-08-13T02:00,9.0,443070,17.7,55.0,8.0,1.0,1.0
2017-08-13T03:00,13.0,426547,16.83,60.73,13.0,5.0,1.0
2017-08-13T04:00,6.0,453203,16.0,63.47,13.0,1.0,1.0
2017-08-13T05:00,2.0,352557,16.0,61.47,9.0,4.0,1.0
2017-08-13T06:00,9.0,369867,18.87,60.23,10.0,2.0,1.0
2017-08-13T07:00,24.0,421710,25.67,32.03,9.0,3.0,1.0
2017-08-13T08:00,45.0,703320,27.13,31.23,9.0,4.0,1.0
2017-08-13T09:00,76.0,2511243,24.43,32.7,6.0,3.0,1.0
2017-08-13T10:00,97.0,4241070,28.33,30.67,3.0,1.0,1.0
2017-08-13T11:00,103.0,4183373,33.97,27.73,2.0,1.0,1.0
2017-08-13T12:00,109.0,4401273,34.13,27.67,1.0,1.0,1.0
2017-08-13T13:00,119.0,4544803,35.57,26.93,4.0,2.0,1.0
2017-08-13T14:00,134.0,5087927,34.07,27.67,13.0,6.0,1.0
2017-08-13T15:00,136.0,5327483,30.97,29.3,6.0,4.0,1.0
2017-08-13T16:00,121.0,4684063,30.0,30.0,4.0,3.0,1.0
2017-08-13T17:00,104.0,4320160,28.77,30.23,4.0,2.0,1.0
2017-08-13T18:00,89.0,3645220,27.4,31.0,3.0,2.0,1.0
2017-08-13T19:00,76.0,3229283,24.07,35.2,4.0,1.0,1.0
2017-08-13T20:00,60.0,2716277,23.0,44.9,6.0,3.0,1.0
2017-08-13T21:00,55.0,2034670,22.0,48.8,5.0,1.0,1.0
2017-08-13T22:00,38.0,1695783,21.23,51.23,7.0,1.0,1.0
2017-08-13T23:00,23.0,619607,21.0,49.63,7.0,1.0,1.0
2017-08-14T00:00,23.0,581137,20.0,54.87,11.0,1.0,1.0
2017-08-14T02:00,9.0,414720,18.7,62.5,8.0,1.0,1.0
2017-08-14T03:00,6.0,346487,18.0,67.8,9.0,1.0,1.0
2017-08-14T04:00,4.0,346873,17.73,69.27,11.0,1.0,1.0
2017-08-14T05:00,1.0,311040,17.0,68.0,11.0,1.0,1.0
2017-08-14T06:00,4.0,306217,19.43,67.37,13.0,4.0,1.0
2017-08-14T07:00,15.0,341913,26.43,32.8,13.0,10.0,1.0
2017-08-14T08:00,28.0,416413,28.23,30.7,11.0,10.0,1.0
2017-08-14T09:00,78.0,1441193,26.17,33.43,10.0,6.0,1.0
2017-08-14T10:00,99.0,3140537,29.87,30.0,10.0,4.0,1.0
2017-08-14T11:00,112.0,3693187,36.07,26.93,3.0,1.0,1.0
2017-08-14T12:00,113.0,4563817,36.83,26.4,3.0,1.0,1.0
2017-08-14T13:00,117.0,4512917,36.27,26.73,3.0,1.0,1.0
2017-08-14T14:00,140.0,5253507,36.37,26.63,1.0,1.0,1.0
2017-08-14T15:00,127.0,5015667,33.4,28.0,2.0,1.0,1.0
2017-08-14T16:00,109.0,4536497,31.3,29.0,3.0,1.0,1.0
2017-08-14T17:00,99.0,4701183,29.7,30.0,4.0,1.0,1.0
2017-08-14T18:00,84.0,3763860,27.93,31.0,5.0,1.0,1.0
2017-08-14T19:00,73.0,3359657,24.8,32.23,6.0,1.0,1.0
2017-08-14T20:00,54.0,2422607,23.6,33.0,10.0,1.0,1.0
2017-08-14T21:00,42.0,1237347,22.03,33.97,11.0,1.0,1.0
2017-08-14T22:00,33.0,753263,21.0,35.07,16.0,1.0,1.0
2017-08-14T23:00,24.0,665457,19.07,45.0,13.0,2.0,1.0
2017-08-15T00:00,22.0,590155,18.1,50.38,13.0,2.0,1.0
2017-08-15T02:00,16.0,467860,16.3,46.43,11.0,2.0,1.0
2017-08-15T03:00,17.0,433603,15.3,51.7,10.0,1.0,1.0
2017-08-15T04:00,11.0,472920,15.0,37.43,12.0,1.0,1.0
2017-08-15T05:00,5.0,384540,14.87,53.97,11.0,1.0,1.0
2017-08-15T06:00,12.0,365797,19.13,48.13,11.0,2.0,1.0
2017-08-15T07:00,25.0,422610,24.67,32.5,12.0,3.0,1.0
2017-08-15T08:00,45.0,808548,26.62,31.55,10.0,5.0,1.0
2017-08-15T09:00,68.0,1837280,24.73,32.47,7.0,2.0,1.0
2017-08-15T10:00,89.0,2890647,29.63,29.97,5.0,2.0,1.0
2017-08-15T11:00,96.0,3902100,37.73,25.83,3.0,1.0,1.0
2017-08-15T12:00,101.0,3994827,38.13,25.83,2.0,1.0,2.0
2017-08-15T13:00,103.0,4103850,38.8,25.3,1.0,1.0,1.0
2017-08-15T14:00,103.0,4065497,33.9,27.77,1.0,1.0,1.0
2017-08-15T15:00,98.0,3711280,30.13,29.87,1.0,1.0,1.0
2017-08-15T16:00,98.0,3550697,31.23,29.3,1.0,1.0,1.0
2017-08-15T17:00,87.0,2933153,29.33,30.0,1.0,1.0,1.0
2017-08-15T18:00,66.0,2523427,27.2,31.03,2.0,1.0,1.0
2017-08-15T19:00,37.0,1096443,22.87,51.33,3.0,1.0,1.0
2017-08-15T20:00,24.0,510570,22.0,58.7,6.0,1.0,1.0
2017-08-15T21:00,28.0,581507,22.0,55.03,10.0,1.0,1.0
2017-08-15T22:00,27.0,543710,21.0,52.4,9.0,1.0,1.0
2017-08-15T23:00,15.0,377533,21.0,59.33,6.0,1.0,1.0
2017-08-16T00:00,7.0,323113,20.07,59.93,7.0,1.0,1.0
2017-08-16T02:00,7.0,294045,19.0,63.52,10.0,1.0,1.0
2017-08-16T03:00,3.0,388580,18.87,66.13,10.0,2.0,1.0
2017-08-16T04:00,1.0,281203,18.0,67.0,6.0,1.0,1.0
2017-08-16T05:00,1.0,277370,18.0,67.07,8.0,3.0,1.0
2017-08-16T06:00,2.0,279630,19.03,66.93,10.0,6.0,1.0
2017-08-16T07:00,7.0,307067,21.5,50.8,10.0,10.0,1.0
2017-08-16T08:00,17.0,330613,22.0,50.97,9.0,9.0,1.0
2017-08-16T09:00,36.0,547637,26.9,32.97,8.0,6.0,1.0
2017-08-16T10:00,48.0,943807,29.4,30.13,7.0,4.0,1.0
2017-08-16T11:00,81.0,1810100,31.53,29.03,8.0,2.0,1.0
2017-08-16T12:00,105.0,2936333,37.83,26.0,9.0,2.0,1.0
2017-08-16T13:00,113.0,3705597,34.9,27.27,3.0,1.0,1.0
2017-08-16T14:00,108.0,3126110,38.7,25.33,2.0,1.0,1.0
2017-08-16T15:00,127.0,3440690,35.73,26.93,2.0,1.0,1.0
2017-08-16T16:00,110.0,3865303,34.47,27.53,2.0,1.0,1.0
2017-08-16T17:00,102.0,3007147,31.9,28.87,3.0,1.0,1.0
2017-08-16T18:00,91.0,2991830,29.6,30.07,3.0,1.0,1.0
2017-08-16T19:00,85.0,3031907,26.17,31.83,3.0,1.0,1.0
2017-08-16T20:00,75.0,3078650,24.77,32.23,3.0,1.0,1.0
2017-08-16T21:00,68.0,1970453,24.0,33.27,3.0,1.0,1.0
2017-08-16T22:00,44.0,1960137,23.23,33.63,5.0,1.0,1.0
2017-08-16T23:00,24.0,622273,22.0,38.77,5.0,1.0,1.0
2017-08-17T00:00,31.0,536557,21.0,40.43,8.0,1.0,1.0
2017-08-17T02:00,20.0,388400,19.0,53.6,8.0,1.0,1.0
2017-08-17T03:00,12.0,480083,19.0,59.03,10.0,1.0,1.0
2017-08-17T04:00,9.0,361840,18.73,56.67,8.0,1.0,1.0
2017-08-17T05:00,2.0,310940,18.0,63.47,10.0,1.0,1.0
2017-08-17T06:00,9.0,304713,20.53,64.53,12.0,2.0,1.0
2017-08-17T07:00,23.0,359527,26.93,31.23,14.0,7.0,1.0
2017-08-17T08:00,35.0,429610,28.3,30.7,12.0,5.0,1.0
2017-08-17T09:00,83.0,1547940,28.43,30.6,13.0,5.0,2.0
2017-08-17T10:00,101.0,2885913,30.07,29.93,9.0,3.0,1.0
2017-08-17T11:00,107.0,2784840,35.87,26.9,4.0,1.0,1.0
2017-08-17T12:00,114.0,3415623,37.57,26.0,2.0,1.0,2.0
2017-08-17T13:00,119.0,3848733,39.1,25.23,2.0,1.0,2.0
2017-08-17T14:00,139.0,3718003,41.3,24.03,1.0,1.0,1.0
2017-08-17T15:00,142.0,4948370,34.57,27.57,1.0,1.0,1.0
2017-08-17T16:00,136.0,4673620,32.8,28.2,3.0,1.0,1.0
2017-08-17T17:00,119.0,4376500,31.27,29.0,3.0,1.0,1.0
2017-08-17T18:00,101.0,3739467,29.43,30.0,4.0,1.0,1.0
2017-08-17T19:00,83.0,3148827,26.37,31.63,5.0,1.0,1.0
2017-08-17T20:00,81.0,2632760,24.8,34.6,6.0,1.0,1.0
2017-08-17T21:00,70.0,2243623,24.0,38.13,6.0,1.0,1.0
2017-08-17T22:00,60.0,1860620,23.87,40.77,5.0,1.0,1.0
2017-08-17T23:00,40.0,1046933,22.47,47.47,6.0,1.0,1.0
2017-08-18T00:00,29.0,608453,21.13,50.93,7.0,1.0,1.0
2017-08-18T02:00,22.0,435943,20.0,58.63,10.0,1.0,1.0
2017-08-18T03:00,14.0,393130,19.27,53.83,10.0,1.0,1.0
2017-08-18T04:00,10.0,350880,18.73,64.9,10.0,1.0,1.0
2017-08-18T05:00,3.0,331927,18.17,64.0,11.0,1.0,1.0
2017-08-18T06:00,11.0,291543,21.23,63.5,12.0,1.0,1.0
2017-08-18T07:00,22.0,365843,26.53,32.4,13.0,4.0,1.0
2017-08-18T08:00,35.0,445160,26.33,31.63,12.0,4.0,1.0
2017-08-18T09:00,75.0,850573,29.0,30.33,11.0,4.0,1.0
2017-08-18T10:00,92.0,2412060,32.43,28.6,11.0,3.0,1.0
2017-08-18T11:00,100.0,2864531,39.03,25.21,5.0,1.0,1.0
2017-08-18T12:00,101.0,2966250,39.17,25.13,3.0,1.0,1.0
2017-08-18T13:00,109.0,3203790,39.63,24.93,2.0,1.0,1.0
2017-08-18T14:00,148.0,4216340,39.6,24.83,2.0,1.0,1.0
2017-08-18T15:00,126.0,4548333,36.0,26.87,2.0,1.0,1.0
2017-08-18T16:00,120.0,3759870,35.33,27.0,2.0,1.0,1.0
2017-08-18T17:00,122.0,3649940,33.5,27.87,3.0,1.0,1.0
2017-08-18T18:00,112.0,3730770,30.17,29.83,3.0,1.0,1.0
2017-08-18T19:00,95.0,3610163,28.0,31.0,4.0,1.0,2.0
2017-08-18T20:00,81.0,2695867,26.0,32.0,5.0,1.0,2.0
2017-08-18T21:00,71.0,2279727,25.0,32.0,3.0,1.0,2.0
2017-08-18T22:00,73.0,2329950,24.0,33.03,3.0,1.0,2.0
2017-08-18T23:00,48.0,1656283,24.0,33.17,2.0,1.0,2.0
2017-08-19T00:00,50.0,1226977,23.13,33.0,3.0,1.0,1.0
2017-08-19T02:00,39.0,754247,22.0,36.67,4.0,1.0,1.0
2017-08-19T03:00,25.0,485740,21.0,49.6,4.0,1.0,1.0
2017-08-19T04:00,26.0,499540,21.13,51.23,4.0,1.0,1.0
2017-08-19T05:00,36.0,512203,21.0,53.43,6.0,1.0,1.0
2017-08-19T06:00,39.0,979380,21.0,52.7,5.0,1.0,1.0
2017-08-19T07:00,42.0,997940,22.27,49.87,4.0,1.0,1.0
2017-08-19T08:00,43.0,651187,24.3,42.13,5.0,1.0,1.0
2017-08-19T09:00,61.0,1057190,27.4,31.73,6.0,1.0,1.0
2017-08-19T10:00,68.0,1343550,28.1,30.93,4.0,1.0,1.0
2017-08-19T11:00,86.0,2224250,28.0,31.0,4.0,2.0,1.0
2017-08-19T12:00,86.0,2914427,31.33,29.2,2.0,1.0,1.0
2017-08-19T13:00,88.0,3074440,31.23,29.23,1.0,1.0,1.0
2017-08-19T14:00,97.0,3140463,32.83,28.27,1.0,1.0,1.0
2017-08-19T15:00,102.0,3086317,32.37,28.6,1.0,1.0,1.0
2017-08-19T16:00,102.0,3287807,29.1,30.0,2.0,1.0,1.0
2017-08-19T17:00,92.0,3135977,28.1,30.83,2.0,1.0,1.0
2017-08-19T18:00,83.0,3106993,26.0,32.0,3.0,1.0,1.0
2017-08-19T19:00,76.0,2787190,24.0,43.87,2.0,1.0,1.0
2017-08-19T20:00,70.0,2645567,23.27,47.07,4.0,1.0,1.0
2017-08-19T21:00,63.0,2413440,23.0,48.43,4.0,2.0,1.0
2017-08-19T22:00,57.0,2193840,22.27,52.07,3.0,1.0,1.0
2017-08-19T23:00,54.0,1896960,22.0,54.0,3.0,1.0,1.0
2017-08-20T00:00,45.0,1877750,22.0,56.77,3.0,1.0,1.0
2017-08-20T02:00,47.0,1351700,22.0,59.0,4.0,1.0,1.0
2017-08-20T03:00,42.0,1472837,21.0,59.53,3.0,1.0,1.0
2017-08-20T04:00,31.0,1220603,20.63,60.7,2.0,1.0,1.0
2017-08-20T05:00,35.0,759177,20.1,65.9,3.0,1.0,1.0
2017-08-20T06:00,35.0,852930,21.0,62.23,4.0,1.0,1.0
2017-08-20T07:00,41.0,835950,25.37,45.3,4.0,1.0,1.0
2017-08-20T08:00,60.0,1168810,27.53,31.9,3.0,1.0,1.0
2017-08-20T09:00,73.0,2683457,29.07,30.33,2.0,3.0,1.0
2017-08-20T10:00,79.0,3069680,28.63,30.5,1.0,2.0,1.0
2017-08-20T11:00,84.0,2922980,31.9,28.87,1.0,1.0,1.0
2017-08-20T12:00,87.0,3398907,33.97,27.9,1.0,1.0,1.0
2017-08-20T13:00,91.0,3708930,36.4,26.5,1.0,1.0,1.0
2017-08-20T14:00,106.0,4027013,33.4,28.1,1.0,1.0,1.0
2017-08-20T15:00,104.0,3865427,30.73,29.5,1.0,1.0,1.0
2017-08-20T16:00,99.0,3600083,29.87,29.93,1.0,1.0,1.0
2017-08-20T17:00,92.0,3601713,27.7,31.0,2.0,1.0,1.0
2017-08-20T18:00,90.0,3024834,28.0,30.69,1.0,2.0,1.0
2017-08-20T19:00,78.0,3236290,24.17,33.5,1.0,1.0,1.0
2017-08-20T20:00,66.0,2805917,23.0,46.3,3.0,1.0,1.0
2017-08-20T21:00,55.0,2194317,22.0,51.9,4.0,1.0,1.0
2017-08-20T22:00,43.0,1636983,21.0,58.83,5.0,1.0,1.0
2017-08-20T23:00,31.0,1173623,20.03,62.1,5.0,1.0,1.0
2017-08-21T00:00,25.0,710590,19.4,61.87,6.0,1.0,1.0
2017-08-21T02:00,20.0,471873,18.23,66.77,7.0,1.0,1.0
2017-08-21T03:00,7.0,386700,19.0,64.37,6.0,1.0,1.0
2017-08-21T04:00,4.0,343940,18.0,66.6,6.0,1.0,1.0
2017-08-21T05:00,13.0,335653,18.2,67.73,8.0,1.0,1.0
2017-08-21T06:00,12.0,439057,19.0,55.73,11.0,2.0,1.0
2017-08-21T07:00,39.0,583007,20.47,51.53,8.0,2.0,1.0
2017-08-21T08:00,40.0,1000520,22.83,47.23,8.0,2.0,1.0
2017-08-21T09:00,54.0,1178317,26.17,31.86,4.0,1.0,1.0
2017-08-21T10:00,86.0,2203070,28.07,30.83,4.0,2.0,1.0
2017-08-21T11:00,94.0,3407057,35.03,27.27,3.0,1.0,1.0
2017-08-21T12:00,95.0,3679403,36.53,26.6,2.0,1.0,2.0
2017-08-21T13:00,102.0,3551447,38.53,25.53,1.0,1.0,2.0
2017-08-21T14:00,104.0,3743980,40.03,24.63,1.0,1.0,2.0
2017-08-21T15:00,137.0,4059163,35.57,26.9,1.0,2.0,1.0
2017-08-21T16:00,130.0,4083257,31.73,29.0,2.0,1.0,2.0
2017-08-21T17:00,122.0,4299177,29.6,30.0,4.0,1.0,2.0
2017-08-21T18:00,103.0,3876013,27.67,31.0,4.0,1.0,1.0
2017-08-21T19:00,81.0,3362593,24.27,40.63,3.0,2.0,2.0
2017-08-21T20:00,76.0,2651240,23.33,47.03,4.0,1.0,2.0
2017-08-21T21:00,63.0,2257017,23.0,48.03,5.0,1.0,1.0
2017-08-21T22:00,52.0,1970687,22.0,50.83,5.0,1.0,1.0
2017-08-21T23:00,41.0,1128437,21.23,51.5,6.0,1.0,1.0
2017-08-22T00:00,36.0,680477,21.0,49.8,7.0,1.0,1.0
2017-08-22T02:00,22.0,613550,19.87,50.77,6.0,1.0,1.0
2017-08-22T03:00,19.0,469273,19.0,60.8,5.0,1.0,1.0
2017-08-22T04:00,9.0,390813,18.27,66.6,8.0,1.0,1.0
2017-08-22T05:00,3.0,336637,18.0,68.4,7.0,2.0,1.0
2017-08-22T06:00,9.0,306113,20.13,68.17,11.0,2.0,1.0
2017-08-22T07:00,18.0,369593,26.5,31.6,13.0,5.0,1.0
2017-08-22T08:00,39.0,438620,25.1,33.8,11.0,5.0,1.0
2017-08-22T09:00,75.0,1129413,28.9,30.33,9.0,5.0,1.0
2017-08-22T10:00,101.0,2094353,30.77,29.4,8.0,3.0,1.0
2017-08-22T11:00,88.0,2899117,38.2,25.77,5.0,2.0,1.0
2017-08-22T12:00,108.0,3144153,38.53,25.47,2.0,1.0,1.0
2017-08-22T13:00,133.0,4444603,38.13,25.8,1.0,1.0,1.0
2017-08-22T14:00,150.0,4610770,38.67,25.3,2.0,1.0,1.0
2017-08-22T15:00,130.0,4054857,34.73,27.47,3.0,1.0,1.0
2017-08-22T16:00,110.0,3482100,32.83,28.17,3.0,1.0,1.0
2017-08-22T17:00,93.0,3175270,31.0,29.0,4.0,1.0,1.0
2017-08-22T18:00,82.0,2853353,29.2,30.1,5.0,1.0,1.0
2017-08-22T19:00,67.0,2295140,26.27,31.73,6.0,1.0,1.0
2017-08-22T20:00,67.0,2023497,24.97,32.03,8.0,1.0,1.0
2017-08-22T21:00,64.0,2155260,24.0,33.0,9.0,1.0,1.0
2017-08-22T22:00,52.0,1921410,23.97,33.0,9.0,1.0,1.0
2017-08-22T23:00,45.0,1027577,22.6,33.4,7.0,1.0,1.0
2017-08-23T00:00,33.0,786387,21.0,37.0,7.0,1.0,1.0
2017-08-23T02:00,19.0,474780,20.13,46.57,8.0,1.0,1.0
2017-08-23T03:00,20.0,402777,19.23,43.2,9.0,1.0,1.0
2017-08-23T04:00,19.0,400557,19.0,37.27,11.0,1.0,1.0
2017-08-23T05:00,9.0,360723,19.0,47.0,9.0,1.0,1.0
2017-08-23T06:00,7.0,318927,19.5,44.47,11.0,1.0,1.0
2017-08-23T07:00,20.0,314943,27.23,31.27,16.0,3.0,1.0
2017-08-23T08:00,43.0,481127,26.07,31.8,16.0,10.0,1.0
2017-08-23T14:00,114.0,4697317,37.47,26.0,10.0,1.0,1.0
2017-08-23T15:00,110.0,5079237,34.87,27.3,9.0,1.0,1.0
2017-08-23T16:00,112.0,4514743,34.1,27.83,12.0,1.0,1.0
2017-08-23T17:00,107.0,4455523,32.17,28.67,11.0,1.0,1.0
2017-08-23T18:00,92.0,4379447,29.5,30.0,12.0,1.0,1.0
2017-08-23T19:00,79.0,3495170,27.07,31.0,16.0,1.0,1.0
2017-08-23T20:00,71.0,2552163,26.3,31.7,18.0,1.0,1.0
2017-08-23T21:00,55.0,1939210,25.03,32.0,22.0,1.0,1.0
2017-08-23T22:00,47.0,1068363,24.0,33.0,24.0,1.0,1.0
2017-08-23T23:00,48.0,689230,23.0,33.0,22.0,1.0,1.0
2017-08-24T00:00,30.0,953343,21.67,34.0,21.0,1.0,1.0
2017-08-24T02:00,28.0,511413,21.0,34.0,22.0,1.0,2.0
2017-08-24T03:00,26.0,419130,21.0,34.0,21.0,1.0,4.0
2017-08-24T04:00,19.0,407353,21.0,34.0,19.0,1.0,4.0
2017-08-24T05:00,6.0,362750,19.1,35.0,20.0,1.0,3.0
2017-08-24T06:00,13.0,297167,20.33,34.67,24.0,1.0,3.0
2017-08-24T07:00,31.0,340963,21.17,34.0,32.0,7.0,4.0
2017-08-24T08:00,55.0,422947,22.93,33.3,30.0,7.0,5.0
2017-08-24T09:00,73.0,753370,30.3,29.6,28.0,6.0,5.0
2017-08-24T10:00,100.0,2605157,30.93,29.2,22.0,5.0,5.0
2017-08-24T11:00,102.0,3052590,37.97,25.67,13.0,2.0,6.0
2017-08-24T12:00,103.0,3799213,37.37,25.97,9.0,1.0,6.0
2017-08-24T13:00,114.0,3823717,40.17,24.63,6.0,1.0,5.0
2017-08-24T14:00,133.0,4408913,38.07,25.63,5.0,1.0,5.0
2017-08-24T15:00,149.0,4929420,35.9,26.6,7.0,1.0,4.0
2017-08-24T16:00,125.0,4543180,33.6,28.0,9.0,1.0,5.0
2017-08-24T17:00,103.0,3976237,31.37,29.0,13.0,1.0,5.0
2017-08-24T18:00,84.0,3213123,29.7,30.0,13.0,1.0,5.0
2017-08-24T19:00,71.0,2713840,26.43,31.57,14.0,1.0,5.0
2017-08-24T20:00,55.0,1763717,25.0,32.0,17.0,1.0,4.0
2017-08-24T21:00,46.0,774803,24.0,33.0,22.0,1.0,6.0
2017-08-24T22:00,37.0,634280,22.0,34.0,24.0,1.0,6.0
2017-08-24T23:00,27.0,506610,20.83,34.27,24.0,1.0,6.0
2017-08-25T00:00,25.0,410677,19.6,35.0,21.0,1.0,5.0
2017-08-25T02:00,20.0,410440,18.0,36.0,23.0,1.0,2.0
2017-08-25T03:00,16.0,398997,17.8,36.13,21.0,1.0,1.0
2017-08-25T04:00,9.0,370140,16.03,50.23,20.0,1.0,1.0
2017-08-25T05:00,4.0,321497,16.0,52.0,21.0,1.0,1.0
2017-08-25T06:00,9.0,311660,17.33,44.63,29.0,2.0,1.0
2017-08-25T07:00,17.0,347373,22.83,33.3,32.0,7.0,1.0
2017-08-25T08:00,29.0,389880,22.0,34.0,26.0,11.0,1.0
2017-08-25T09:00,54.0,654483,29.13,30.37,27.0,11.0,2.0
2017-08-25T10:00,96.0,2259330,31.07,29.2,25.0,8.0,3.0
2017-08-25T11:00,93.0,3401343,38.57,25.43,16.0,3.0,2.0
2017-08-25T12:00,93.0,3688597,38.13,25.67,8.0,1.0,2.0
2017-08-25T13:00,103.0,4319767,37.1,26.17,7.0,1.0,2.0
2017-08-25T14:00,119.0,4837183,38.67,25.33,7.0,2.0,2.0
2017-08-25T15:00,107.0,4105427,35.13,27.37,7.0,1.0,1.0
2017-08-25T16:00,98.0,3950693,33.43,28.0,8.0,1.0,1.0
2017-08-25T17:00,92.0,3938993,31.9,29.0,7.0,1.0,1.0
2017-08-25T18:00,81.0,3660453,29.73,30.0,8.0,1.0,1.0
2017-08-25T19:00,70.0,2495230,26.97,31.33,10.0,1.0,1.0
2017-08-25T20:00,68.0,2418037,24.57,32.43,17.0,1.0,1.0
2017-08-25T21:00,56.0,1409107,24.0,33.0,18.0,1.0,3.0
2017-08-25T22:00,40.0,1108507,23.1,33.0,17.0,1.0,2.0
2017-08-25T23:00,39.0,434637,22.0,34.0,16.0,1.0,2.0
2017-08-26T00:00,37.0,633453,21.0,34.0,27.0,1.0,2.0
2017-08-26T02:00,28.0,406050,19.83,35.0,15.0,1.0,4.0
2017-08-26T03:00,22.0,391347,19.0,45.4,17.0,1.0,6.0
2017-08-26T04:00,13.0,485183,19.0,35.0,15.0,1.0,5.0
2017-08-26T05:00,10.0,325063,18.0,51.0,15.0,1.0,5.0
2017-08-26T06:00,14.0,302669,18.0,52.97,20.0,1.0,4.0
2017-08-26T07:00,27.0,368567,25.13,32.27,23.0,3.0,4.0
2017-08-26T08:00,44.0,533813,24.03,32.97,22.0,5.0,5.0
2017-08-26T09:00,77.0,1156647,30.8,29.43,19.0,4.0,9.0
2017-08-26T10:00,92.0,2429220,30.8,29.33,14.0,3.0,8.0
2017-08-26T11:00,100.0,3627727,39.2,25.03,10.0,1.0,6.0
2017-08-26T12:00,101.0,3744100,40.83,24.23,4.0,1.0,6.0
2017-08-26T13:00,103.0,3487920,41.33,24.03,5.0,1.0,6.0
2017-08-26T14:00,112.0,3662073,38.33,25.63,5.0,1.0,5.0
2017-08-26T15:00,111.0,3221400,36.47,26.43,4.0,7.0,5.0
2017-08-26T16:00,104.0,3025273,35.93,27.0,5.0,1.0,5.0
2017-08-26T17:00,98.0,3083003,33.47,28.0,5.0,1.0,5.0
2017-08-26T18:00,83.0,2775587,29.53,30.0,6.0,1.0,4.0
2017-08-26T19:00,73.0,2287267,27.07,31.0,7.0,1.0,5.0
2017-08-26T20:00,68.0,2049093,25.63,32.0,10.0,1.0,6.0
2017-08-26T21:00,58.0,1672677,24.0,33.0,9.0,1.0,6.0
2017-08-26T22:00,49.0,1294580,24.0,33.0,10.0,1.0,6.0
2017-08-26T23:00,37.0,700630,23.67,33.0,10.0,1.0,6.0
2017-08-27T00:00,33.0,500220,22.0,34.0,13.0,1.0,6.0
2017-08-27T02:00,25.0,366257,21.0,40.17,12.0,1.0,3.0
2017-08-27T03:00,17.0,366113,21.0,48.47,15.0,1.0,3.0
2017-08-27T04:00,19.0,397827,21.0,38.23,15.0,1.0,3.0
2017-08-27T05:00,11.0,323680,20.03,53.93,14.0,1.0,3.0
2017-08-27T06:00,14.0,294817,20.47,51.17,14.0,1.0,3.0
2017-08-27T07:00,27.0,320260,23.37,35.53,17.0,1.0,2.0
2017-08-27T08:00,43.0,441273,25.3,32.0,13.0,3.0,3.0
2017-08-27T09:00,82.0,1025237,33.13,28.27,11.0,2.0,4.0
2017-08-27T10:00,85.0,2192793,33.4,28.0,10.0,2.0,4.0
2017-08-27T11:00,97.0,2322203,37.9,25.8,6.0,1.0,5.0
2017-08-27T12:00,99.0,2358317,39.07,25.23,5.0,1.0,5.0
2017-08-27T13:00,97.0,2499447,41.63,24.0,5.0,1.0,4.0
2017-08-27T14:00,103.0,2667873,41.1,24.23,4.0,1.0,5.0
2017-08-27T15:00,110.0,3231620,38.67,25.3,4.0,1.0,4.0
2017-08-27T16:00,99.0,3361052,32.59,28.41,4.0,1.0,4.0
2017-08-27T17:00,92.0,3363370,30.13,29.87,5.0,1.0,2.0
2017-08-27T18:00,84.0,2565347,27.47,31.0,7.0,1.0,2.0
2017-08-27T19:00,74.0,2077510,26.83,31.17,8.0,1.0,3.0
2017-08-27T20:00,63.0,1404210,26.0,32.0,11.0,1.0,3.0
2017-08-27T21:00,52.0,1295017,25.0,34.6,13.0,1.0,4.0
2017-08-27T22:00,53.0,851620,25.0,32.0,12.0,1.0,3.0
2017-08-27T23:00,42.0,825383,24.0,33.33,15.0,1.0,3.0
2017-08-28T00:00,32.0,827483,24.0,35.53,12.0,1.0,3.0
2017-08-28T02:00,22.0,387027,21.0,51.0,12.0,1.0,3.0
2017-08-28T03:00,17.0,375390,20.67,51.63,14.0,1.0,4.0
2017-08-28T04:00,11.0,331003,20.0,54.0,14.0,1.0,3.0
2017-08-28T05:00,4.0,309430,19.47,52.53,18.0,1.0,4.0
2017-08-28T06:00,7.0,279647,19.93,58.37,21.0,2.0,3.0
2017-08-28T07:00,18.0,313810,26.0,32.17,25.0,7.0,4.0
2017-08-28T08:00,34.0,332383,25.2,32.27,20.0,9.0,5.0
2017-08-28T09:00,67.0,697333,32.37,28.57,19.0,8.0,4.0
2017-08-28T10:00,90.0,1600607,32.43,28.63,18.0,5.0,6.0
2017-08-28T11:00,100.0,2718863,38.73,25.4,11.0,2.0,6.0
2017-08-28T12:00,93.0,3188113,41.5,24.07,8.0,1.0,5.0
2017-08-28T13:00,83.0,3061353,42.2,23.7,7.0,1.0,5.0
2017-08-28T14:00,96.0,3293800,41.87,23.93,4.0,1.0,4.0
2017-08-28T15:00,112.0,3424077,38.07,25.7,5.0,1.0,3.0
2017-08-28T16:00,87.0,3157777,35.8,27.0,8.0,1.0,3.0
2017-08-28T17:00,94.0,2772773,31.4,29.0,8.0,1.0,4.0
2017-08-28T18:00,79.0,2437577,29.33,30.07,10.0,1.0,3.0
2017-08-28T19:00,70.0,2095547,26.2,31.8,14.0,1.0,4.0
2017-08-28T20:00,69.0,1783577,25.2,32.0,14.0,1.0,4.0
2017-08-28T21:00,60.0,1470900,26.0,32.0,16.0,1.0,5.0
2017-08-28T22:00,52.0,802530,25.13,32.0,14.0,1.0,5.0
2017-08-28T23:00,46.0,615690,25.0,32.0,15.0,1.0,3.0
2017-08-29T00:00,43.0,668220,24.23,32.77,12.0,1.0,3.0
2017-08-29T02:00,21.0,433853,22.0,38.33,13.0,1.0,3.0
2017-08-29T03:00,23.0,335173,21.9,34.0,12.0,1.0,3.0
2017-08-29T04:00,15.0,321447,21.0,42.4,15.0,1.0,3.0
2017-08-29T05:00,9.0,298077,20.5,44.03,17.0,1.0,3.0
2017-08-29T06:00,9.0,325450,20.8,34.67,21.0,1.0,2.0
2017-08-29T07:00,26.0,302523,27.07,31.17,27.0,4.0,2.0
2017-08-29T08:00,49.0,452493,25.77,31.93,28.0,11.0,3.0
2017-08-29T09:00,74.0,1314307,33.43,28.1,20.0,6.0,4.0
2017-08-29T10:00,85.0,2240800,31.7,28.93,15.0,3.0,4.0
2017-08-29T11:00,86.0,2767647,34.97,27.27,11.0,2.0,4.0
2017-08-29T12:00,89.0,3081637,34.57,27.43,5.0,1.0,3.0
2017-08-29T13:00,88.0,3366020,34.03,27.73,6.0,1.0,2.0
2017-08-29T14:00,93.0,3351193,32.07,28.63,6.0,1.0,2.0
2017-08-29T15:00,97.0,3589353,31.73,29.0,7.0,1.0,2.0
2017-08-29T16:00,85.0,3611527,30.0,30.0,6.0,1.0,3.0
2017-08-29T17:00,86.0,3445757,29.17,30.23,8.0,1.0,4.0
2017-08-29T18:00,82.0,3470717,26.93,31.07,10.0,1.0,3.0
2017-08-29T19:00,61.0,3263573,24.37,32.63,10.0,1.0,3.0
2017-08-29T21:00,46.0,1096397,24.0,33.0,23.0,1.0,4.0
2017-08-29T22:00,42.0,878000,22.5,33.5,16.0,1.0,3.0
2017-08-29T23:00,40.0,764780,21.73,34.0,14.0,1.0,2.0
2017-08-30T00:00,41.0,547720,20.63,34.37,13.0,1.0,2.0
2017-08-30T02:00,23.0,453897,19.03,35.0,13.0,1.0,2.0
2017-08-30T03:00,37.0,444887,19.0,35.0,14.0,1.0,1.0
2017-08-30T04:00,59.0,1076460,20.07,34.93,13.0,1.0,2.0
2017-08-30T05:00,34.0,1254387,19.67,35.0,10.0,1.0,2.0
2017-08-30T06:00,54.0,1767823,20.0,35.0,10.0,1.0,1.0
2017-08-30T07:00,50.0,1517240,21.1,34.03,15.0,1.0,1.0
2017-08-30T08:00,59.0,1244717,23.93,32.97,13.0,1.0,1.0
2017-08-30T09:00,61.0,1840367,24.03,32.83,13.0,2.0,1.0
2017-08-30T10:00,78.0,1295377,27.87,30.7,9.0,1.0,1.0
2017-08-30T11:00,94.0,2754483,32.43,28.5,11.0,3.0,1.0
2017-08-30T12:00,97.0,3827737,31.73,28.93,9.0,3.0,1.0
2017-08-30T13:00,98.0,3719633,31.5,28.97,4.0,1.0,1.0
2017-08-30T14:00,100.0,3693447,30.6,29.57,5.0,1.0,1.0
2017-08-30T15:00,92.0,3848993,29.7,30.0,6.0,1.0,1.0
2017-08-30T16:00,88.0,4011563,28.0,31.0,6.0,1.0,1.0
2017-08-30T17:00,88.0,4246530,27.03,31.0,5.0,1.0,1.0
2017-08-30T18:00,83.0,3814657,25.8,32.0,8.0,1.0,1.0
2017-08-30T19:00,80.0,4140247,24.0,33.0,8.0,1.0,1.0
2017-08-30T20:00,77.0,3324997,23.43,33.0,9.0,1.0,1.0
2017-08-30T21:00,71.0,3048540,22.0,34.0,10.0,1.0,1.0
2017-08-30T22:00,61.0,2218647,21.0,34.0,10.0,1.0,1.0
2017-08-30T23:00,51.0,1104230,21.0,34.0,10.0,1.0,1.0
2017-08-31T00:00,57.0,1444517,20.87,34.13,11.0,1.0,1.0
2017-08-31T02:00,41.0,909130,20.2,34.8,10.0,1.0,1.0
2017-08-31T03:00,25.0,581240,20.0,35.0,10.0,1.0,1.0
2017-08-31T04:00,17.0,419217,19.0,39.17,11.0,1.0,1.0
2017-08-31T05:00,15.0,346620,18.9,51.97,17.0,1.0,1.0
2017-08-31T06:00,9.0,347527,19.0,53.6,21.0,1.0,1.0
2017-08-31T07:00,18.0,342043,19.77,52.0,24.0,3.0,1.0
2017-08-31T08:00,27.0,408993,18.27,54.83,25.0,5.0,2.0
2017-08-31T09:00,51.0,892180,25.03,45.8,19.0,3.0,2.0
2017-08-31T10:00,49.0,1584863,23.63,39.93,12.0,3.0,1.0
2017-08-31T11:00,38.0,1093230,21.13,48.37,9.0,2.0,2.0
2017-08-31T12:00,57.0,958503,22.83,46.1,14.0,1.0,1.0
2017-08-31T14:00,68.0,2566610,24.97,32.27,10.0,2.0,1.0
2017-08-31T15:00,67.0,2429243,26.3,31.47,7.0,1.0,1.0
2017-08-31T16:00,59.0,2569441,22.83,33.41,8.0,1.0,1.0
2017-08-31T17:00,47.0,2248717,19.73,46.77,9.0,1.0,1.0
2017-08-31T18:00,39.0,2117557,18.0,55.03,11.0,2.0,1.0
2017-08-31T19:00,32.0,1611277,17.13,66.87,12.0,1.0,1.0
2017-08-31T20:00,31.0,1061287,18.0,67.0,13.0,1.0,1.0
2017-08-31T21:00,28.0,1335763,17.0,67.63,17.0,1.0,1.0
2017-08-31T22:00,16.0,696017,16.2,70.33,14.0,1.0,1.0
2017-08-31T23:00,18.0,481260,16.73,70.67,11.0,1.0,1.0
